ID_PROV,NOM_PROV,DIR_PROV,TEL_PROV,EML_PROV
1,Gonzalez-Ferreyra,"Diagonal Córdoba N° 332 Piso 4 Dto. 9, Rosario 2000, Santa Fe",+54 9 3268 6006,sara20@example.org
2,"Paez, Nuñez and Rodriguez","Avenida 8 N° 39 Oficina 90, Bahía Blanca 8000, Buenos Aires",+54 9 3590 6135,victoria75@example.com
3,Godoy Group,"Diagonal Santa Rosa N° 196 Local 56, Rosario 2000, Santa Fe",+54 9 3742 8110,dantemaidana@example.net
4,Gutierrez-Garcia,"Av. Chaco N° 948, Merlo 5881, San Luis",+54 15 2135 7993,juan-cruzmartinez@example.net
5,Garcia-Martinez,"Avenida 9 N° 415 Dto. 9, Merlo 5881, San Luis",+54 9 3599 6261,ggomez@example.org
6,Aguirre Group,"Av. Bahía Blanca N° 79, Chilecito 5360, La Rioja",+54 15 2533 8332,vgonzalez@example.org
7,Ojeda PLC,"Boulevard Belgrano N° 2161, San Ferando del Valle de Catamarca 4700, Catamarca",+54 15 2946 9595,lisandro85@example.com
8,"Dominguez, Ferreyra and Benitez","Calle San Martin N° 49 Local 4, Constitución 1004, Ciudad Autónoma de Buenos Aires",+54 9 3599 6380,valentino13@example.net
9,"Molina, Rodriguez and Godoy","Avenida 2 N° 12, San Juan 5400, San Juan",+54 15 2621 9175,lucas-benjaminquiroga@example.org
10,"Rodriguez, Velazquez and Navarro","Calle Santa Rosa N° 1025, Rosario 2000, Santa Fe",+54 9 3227 2944,rodriguezlara@example.net
11,"Sanchez, Carrizo and Paz","Diagonal 2 N° 994 Oficina 6, Rosario 2000, Santa Fe",+54 9 3991 4066,wramirez@example.com
12,Gomez-Sosa,"Boulevard 8 N° 916, Rosario 2000, Santa Fe",+54 9 3611 6482,medinasara@example.net
13,"Campos, Sosa and Garcia","Av. Corrientes N° 588, Santiago del Estero 4200, Santiago del Estero",+54 9 3274 9833,juan-cruzlucero@example.com
14,Rodriguez-Martinez,"Diagonal 111 Bis N° 917, Bahía Blanca 8000, Buenos Aires",+54 15 2400 0069,leivaamparo@example.com
15,"Molina, Alvarez and Juarez","Av. San Juan N° 3562, Santiago del Estero 4200, Santiago del Estero",+54 9 3497 1320,nahuel38@example.org
16,Ojeda and Sons,"Avenida 3 N° 1357, Ushuaia 9410, Tierra del Fuego",+54 9 3467 8730,vdiaz@example.org
17,Gutierrez-Juarez,"Diagonal Santa Cruz N° 3033 Oficina 3, La Plata 1900, Buenos Aires",+54 9 3871 0189,lopezjazmin@example.net
18,"Fernandez, Vega and Fernandez","Calle Chubut N° 371, Formosa 3600, Formosa",+54 15 2301 3599,benicio89@example.com
19,Rodriguez-Gonzalez,"Blv. Ciudad Autónoma de Buenos Aires N° 8988 Local 5, Santa Fe 3000, Santa Fe",+54 15 2989 8418,joaquin53@example.com
20,Perez-Martinez,"Boulevard Güemes N° 285, Santiago del Estero 4200, Santiago del Estero",+54 15 2178 4822,kferreyra@example.org
